name,address,phone,rating,reviews,google_maps_url
Losman Plumbing & Heating Inc.,"276 5th Ave, New York, NY 10001, USA",(212) 684-0904,N/A,N/A,https://maps.google.com/?cid=17153226904022582147
Armany Plumbing,"636 Broadway, New York, NY 10012, USA",(212) 937-1118,5,1,https://maps.google.com/?cid=221717679984014875
48 Laight Street Associates LLC,"48 Laight St, New York, NY 10013, USA",(212) 223-2600,N/A,N/A,https://maps.google.com/?cid=6163709374777783403
Corrs Plumbing New York,"54 Franklin St # 1, New York, NY 10013, USA",(888) 841-0647,2.8,4,https://maps.google.com/?cid=8256893801969441839
Patco Plumbing & Heating,"269 Summerhill Dr, Morris Plains, NJ 07950, USA",(973) 898-0035,3,4,https://maps.google.com/?cid=8681891198609667094
CDC Plumbing & Heating Corporation,"22 Rutgers St # 1, New York, NY 10002, USA",(212) 226-8320,N/A,N/A,https://maps.google.com/?cid=2028818466460385192
"Zuri Soko Services, LLC","6 Doyers St #130227, New York, NY 10013, USA",(212) 602-1081,3,2,https://maps.google.com/?cid=15506581969699635436
Tsung Tsin Association,"1 Division St, New York, NY 10002, USA",(212) 925-4920,4.6,9,https://maps.google.com/?cid=17146667605407882858
"Ariel Services, Inc.","425 Grand St Suite #1, New York, NY 10002, USA",(718) 557-9604,4.4,14,https://maps.google.com/?cid=1967090861962364865
Best Plumbing and Heating Company NY,"200 Varick St, New York, NY 10014, USA",(212) 377-3051,N/A,N/A,https://maps.google.com/?cid=9603303639412095055
Bleeker Emergency Plumbing and Heating,"56 Bleecker St, New York, NY 10012, USA",(212) 293-0965,3,2,https://maps.google.com/?cid=1733268876468442374
Orchard Plumbing and Heating,"189 Orchard St, New York, NY 10002, USA",(212) 377-2749,3,2,https://maps.google.com/?cid=7662517258733527166
"Innovators Construction (Professional Builders, Renovations, and Remodeling)","Everett Building, 200 Park Ave S, New York, NY 10003, USA",(212) 608-2789,N/A,N/A,https://maps.google.com/?cid=13009146058423358776
